33.050.30,ISO/IEC 15404:2000,https://www.iso.org/standard/33237.html,90.20,https://www.iso.org/home/developing-standards/resources/stage-codes.html#90.20,ISO/IEC JTC 1/SC 28,https://www.iso.org/contents/data/committee/04/53/45314/x/catalogue/
33.040.35,ISO/IEC 11571:1998,https://www.iso.org/standard/29520.html,90.93,https://www.iso.org/home/developing-standards/resources/stage-codes.html#90.93,ISO/IEC JTC 1/SC 6,https://www.iso.org/contents/data/committee/04/50/45072/x/catalogue/
33.040.35,ISO/IEC 11572:2000,https://www.iso.org/standard/31613.html,90.60,https://www.iso.org/home/developing-standards/resources/stage-codes.html#90.60,ISO/IEC JTC 1/SC 6,https://www.iso.org/contents/data/committee/04/50/45072/x/catalogue/
33.040.35,ISO/IEC 11573:1994,https://www.iso.org/standard/20891.html,90.93,https://www.iso.org/home/developing-standards/resources/stage-codes.html#90.93,ISO/IEC JTC 1/SC 6,https://www.iso.org/contents/data/committee/04/50/45072/x/catalogue/
33.040.35,ISO/IEC 11574:2000,https://www.iso.org/standard/31612.html,90.60,https://www.iso.org/home/developing-standards/resources/stage-codes.html#90.60,ISO/IEC JTC 1/SC 6,https://www.iso.org/contents/data/committee/04/50/45072/x/catalogue/
33.040.35,ISO/IEC 11579-1:1994,https://www.iso.org/standard/20893.html,90.93,https://www.iso.org/home/developing-standards/resources/stage-codes.html#90.93,ISO/IEC JTC 1/SC 6,https://www.iso.org/contents/data/committee/04/50/45072/x/catalogue/
33.040.35,ISO/IEC 11579-2:1999,https://www.iso.org/standard/29670.html,90.93,https://www.iso.org/home/developing-standards/resources/stage-codes.html#90.93,ISO/IEC JTC 1/SC 6,https://www.iso.org/contents/data/committee/04/50/45072/x/catalogue/
33.040.35,ISO/IEC 11579-3:1999,https://www.iso.org/standard/31128.html,90.93,https://www.iso.org/home/developing-standards/resources/stage-codes.html#90.93,ISO/IEC JTC 1/SC 6,https://www.iso.org/contents/data/committee/04/50/45072/x/catalogue/
33.040.35,ISO/IEC 11582:2002,https://www.iso.org/standard/36049.html,90.93,https://www.iso.org/home/developing-standards/resources/stage-codes.html#90.93,ISO/IEC JTC 1/SC 6,https://www.iso.org/contents/data/committee/04/50/45072/x/catalogue/
33.040.35,ISO/IEC 11584:1996,https://www.iso.org/standard/23329.html,90.93,https://www.iso.org/home/developing-standards/resources/stage-codes.html#90.93,ISO/IEC JTC 1/SC 6,https://www.iso.org/contents/data/committee/04/50/45072/x/catalogue/
33.040.35,ISO/IEC 13241:1997,https://www.iso.org/standard/21476.html,90.93,https://www.iso.org/home/developing-standards/resources/stage-codes.html#90.93,ISO/IEC JTC 1/SC 6,https://www.iso.org/contents/data/committee/04/50/45072/x/catalogue/
33.040.35,ISO/IEC 13242:1997,https://www.iso.org/standard/21477.html,90.93,https://www.iso.org/home/developing-standards/resources/stage-codes.html#90.93,ISO/IEC JTC 1/SC 6,https://www.iso.org/contents/data/committee/04/50/45072/x/catalogue/
33.040.35,ISO/IEC 13246:1997,https://www.iso.org/standard/21481.html,90.93,https://www.iso.org/home/developing-standards/resources/stage-codes.html#90.93,ISO/IEC JTC 1/SC 6,https://www.iso.org/contents/data/committee/04/50/45072/x/catalogue/
33.040.35,ISO/IEC 13247:1997,https://www.iso.org/standard/21482.html,90.20,https://www.iso.org/home/developing-standards/resources/stage-codes.html#90.20,ISO/IEC JTC 1/SC 6,https://www.iso.org/contents/data/committee/04/50/45072/x/catalogue/
33.040.35,ISO/IEC 13863:1998,https://www.iso.org/standard/29666.html,90.60,https://www.iso.org/home/developing-standards/resources/stage-codes.html#90.60,ISO/IEC JTC 1/SC 6,https://www.iso.org/contents/data/committee/04/50/45072/x/catalogue/
33.040.35,ISO/IEC 13864:1995,https://www.iso.org/standard/23103.html,90.93,https://www.iso.org/home/developing-standards/resources/stage-codes.html#90.93,ISO/IEC JTC 1/SC 6,https://www.iso.org/contents/data/committee/04/50/45072/x/catalogue/
33.040.35,ISO/IEC 13865:2003,https://www.iso.org/standard/36843.html,90.93,https://www.iso.org/home/developing-standards/resources/stage-codes.html#90.93,ISO/IEC JTC 1/SC 6,https://www.iso.org/contents/data/committee/04/50/45072/x/catalogue/
33.040.35,ISO/IEC 13866:1995,https://www.iso.org/standard/23105.html,90.93,https://www.iso.org/home/developing-standards/resources/stage-codes.html#90.93,ISO/IEC JTC 1/SC 6,https://www.iso.org/contents/data/committee/04/50/45072/x/catalogue/
33.040.35,ISO/IEC 13868:2003,https://www.iso.org/standard/36839.html,90.93,https://www.iso.org/home/developing-standards/resources/stage-codes.html#90.93,ISO/IEC JTC 1/SC 6,https://www.iso.org/contents/data/committee/04/50/45072/x/catalogue/
33.040.35,ISO/IEC 13869:2003,https://www.iso.org/standard/36844.html,90.60,https://www.iso.org/home/developing-standards/resources/stage-codes.html#90.60,ISO/IEC JTC 1/SC 6,https://www.iso.org/contents/data/committee/04/50/45072/x/catalogue/
33.040.35,ISO/IEC 13870:2003,https://www.iso.org/standard/36845.html,90.60,https://www.iso.org/home/developing-standards/resources/stage-codes.html#90.60,ISO/IEC JTC 1/SC 6,https://www.iso.org/contents/data/committee/04/50/45072/x/catalogue/
33.040.35,ISO/IEC 13871:1995,https://www.iso.org/standard/23110.html,90.93,https://www.iso.org/home/developing-standards/resources/stage-codes.html#90.93,ISO/IEC JTC 1/SC 6,https://www.iso.org/contents/data/committee/04/50/45072/x/catalogue/
33.040.35,ISO/IEC 13872:2003,https://www.iso.org/standard/36840.html,90.60,https://www.iso.org/home/developing-standards/resources/stage-codes.html#90.60,ISO/IEC JTC 1/SC 6,https://www.iso.org/contents/data/committee/04/50/45072/x/catalogue/
33.040.35,ISO/IEC 13873:2003,https://www.iso.org/standard/36841.html,90.93,https://www.iso.org/home/developing-standards/resources/stage-codes.html#90.93,ISO/IEC JTC 1/SC 6,https://www.iso.org/contents/data/committee/04/50/45072/x/catalogue/
33.040.35,ISO/IEC 13874:2003,https://www.iso.org/standard/36842.html,90.60,https://www.iso.org/home/developing-standards/resources/stage-codes.html#90.60,ISO/IEC JTC 1/SC 6,https://www.iso.org/contents/data/committee/04/50/45072/x/catalogue/
33.040.35,ISO/IEC 14136:1995,https://www.iso.org/standard/23656.html,90.93,https://www.iso.org/home/developing-standards/resources/stage-codes.html#90.93,ISO/IEC JTC 1/SC 6,https://www.iso.org/contents/data/committee/04/50/45072/x/catalogue/
33.040.35,ISO/IEC 14474:1998,https://www.iso.org/standard/23547.html,90.93,https://www.iso.org/home/developing-standards/resources/stage-codes.html#90.93,ISO/IEC JTC 1/SC 6,https://www.iso.org/contents/data/committee/04/50/45072/x/catalogue/
33.040.35,ISO/IEC TR 14475:2001,https://www.iso.org/standard/34118.html,90.60,https://www.iso.org/home/developing-standards/resources/stage-codes.html#90.60,ISO/IEC JTC 1/SC 6,https://www.iso.org/contents/data/committee/04/50/45072/x/catalogue/
33.040.35,ISO/IEC 14841:1996,https://www.iso.org/standard/25738.html,90.93,https://www.iso.org/home/developing-standards/resources/stage-codes.html#90.93,ISO/IEC JTC 1/SC 6,https://www.iso.org/contents/data/committee/04/50/45072/x/catalogue/
33.040.35,ISO/IEC 14842:1996,https://www.iso.org/standard/25739.html,90.93,https://www.iso.org/home/developing-standards/resources/stage-codes.html#90.93,ISO/IEC JTC 1/SC 6,https://www.iso.org/contents/data/committee/04/50/45072/x/catalogue/
33.040.35,ISO/IEC 14843:2003,https://www.iso.org/standard/36846.html,90.93,https://www.iso.org/home/developing-standards/resources/stage-codes.html#90.93,ISO/IEC JTC 1/SC 6,https://www.iso.org/contents/data/committee/04/50/45072/x/catalogue/
33.040.35,ISO/IEC 14844:2003,https://www.iso.org/standard/36847.html,90.93,https://www.iso.org/home/developing-standards/resources/stage-codes.html#90.93,ISO/IEC JTC 1/SC 6,https://www.iso.org/contents/data/committee/04/50/45072/x/catalogue/
33.040.35,ISO/IEC 14845:1996,https://www.iso.org/standard/25743.html,90.93,https://www.iso.org/home/developing-standards/resources/stage-codes.html#90.93,ISO/IEC JTC 1/SC 6,https://www.iso.org/contents/data/committee/04/50/45072/x/catalogue/
33.040.35,ISO/IEC 14846:2003,https://www.iso.org/standard/36848.html,90.60,https://www.iso.org/home/developing-standards/resources/stage-codes.html#90.60,ISO/IEC JTC 1/SC 6,https://www.iso.org/contents/data/committee/04/50/45072/x/catalogue/
33.040.35,ISO/IEC 15049:1997,https://www.iso.org/standard/26329.html,90.20,https://www.iso.org/home/developing-standards/resources/stage-codes.html#90.20,ISO/IEC JTC 1/SC 6,https://www.iso.org/contents/data/committee/04/50/45072/x/catalogue/
33.040.35,ISO/IEC 15050:2003,https://www.iso.org/standard/36849.html,90.93,https://www.iso.org/home/developing-standards/resources/stage-codes.html#90.93,ISO/IEC JTC 1/SC 6,https://www.iso.org/contents/data/committee/04/50/45072/x/catalogue/
33.040.35,ISO/IEC 15051:2003,https://www.iso.org/standard/36850.html,90.93,https://www.iso.org/home/developing-standards/resources/stage-codes.html#90.93,ISO/IEC JTC 1/SC 6,https://www.iso.org/contents/data/committee/04/50/45072/x/catalogue/
33.040.35,ISO/IEC 15052:2003,https://www.iso.org/standard/36851.html,90.93,https://www.iso.org/home/developing-standards/resources/stage-codes.html#90.93,ISO/IEC JTC 1/SC 6,https://www.iso.org/contents/data/committee/04/50/45072/x/catalogue/
33.040.35,ISO/IEC 15053:2003,https://www.iso.org/standard/36852.html,90.93,https://www.iso.org/home/developing-standards/resources/stage-codes.html#90.93,ISO/IEC JTC 1/SC 6,https://www.iso.org/contents/data/committee/04/50/45072/x/catalogue/
33.040.35,ISO/IEC 15054:2003,https://www.iso.org/standard/36853.html,90.93,https://www.iso.org/home/developing-standards/resources/stage-codes.html#90.93,ISO/IEC JTC 1/SC 6,https://www.iso.org/contents/data/committee/04/50/45072/x/catalogue/
33.040.35,ISO/IEC 15055:1997,https://www.iso.org/standard/26335.html,90.20,https://www.iso.org/home/developing-standards/resources/stage-codes.html#90.20,ISO/IEC JTC 1/SC 6,https://www.iso.org/contents/data/committee/04/50/45072/x/catalogue/
33.040.35,ISO/IEC 15056:1997,https://www.iso.org/standard/26336.html,90.93,https://www.iso.org/home/developing-standards/resources/stage-codes.html#90.93,ISO/IEC JTC 1/SC 6,https://www.iso.org/contents/data/committee/04/50/45072/x/catalogue/
33.040.35,ISO/IEC TR 15410:1998,https://www.iso.org/standard/27653.html,60.60,https://www.iso.org/home/developing-standards/resources/stage-codes.html#60.60,ISO/IEC JTC 1/SC 6,https://www.iso.org/contents/data/committee/04/50/45072/x/catalogue/
33.040.35,ISO/IEC 15428:1999,https://www.iso.org/standard/27671.html,90.93,https://www.iso.org/home/developing-standards/resources/stage-codes.html#90.93,ISO/IEC JTC 1/SC 6,https://www.iso.org/contents/data/committee/04/50/45072/x/catalogue/
33.040.35,ISO/IEC 15429:2003,https://www.iso.org/standard/36861.html,90.60,https://www.iso.org/home/developing-standards/resources/stage-codes.html#90.60,ISO/IEC JTC 1/SC 6,https://www.iso.org/contents/data/committee/04/50/45072/x/catalogue/
33.040.35,ISO/IEC 15430:1999,https://www.iso.org/standard/27673.html,90.93,https://www.iso.org/home/developing-standards/resources/stage-codes.html#90.93,ISO/IEC JTC 1/SC 6,https://www.iso.org/contents/data/committee/04/50/45072/x/catalogue/
33.040.35,ISO/IEC 15431:2003,https://www.iso.org/standard/36862.html,90.93,https://www.iso.org/home/developing-standards/resources/stage-codes.html#90.93,ISO/IEC JTC 1/SC 6,https://www.iso.org/contents/data/committee/04/50/45072/x/catalogue/
33.040.35,ISO/IEC 15432:1999,https://www.iso.org/standard/27675.html,90.93,https://www.iso.org/home/developing-standards/resources/stage-codes.html#90.93,ISO/IEC JTC 1/SC 6,https://www.iso.org/contents/data/committee/04/50/45072/x/catalogue/
33.040.35,ISO/IEC 15433:2003,https://www.iso.org/standard/36863.html,90.93,https://www.iso.org/home/developing-standards/resources/stage-codes.html#90.93,ISO/IEC JTC 1/SC 6,https://www.iso.org/contents/data/committee/04/50/45072/x/catalogue/
33.040.35,ISO/IEC 15505:2003,https://www.iso.org/standard/36960.html,90.93,https://www.iso.org/home/developing-standards/resources/stage-codes.html#90.93,ISO/IEC JTC 1/SC 6,https://www.iso.org/contents/data/committee/04/50/45072/x/catalogue/
33.040.35,ISO/IEC 15506:2003,https://www.iso.org/standard/36854.html,90.60,https://www.iso.org/home/developing-standards/resources/stage-codes.html#90.60,ISO/IEC JTC 1/SC 6,https://www.iso.org/contents/data/committee/04/50/45072/x/catalogue/
33.040.35,ISO/IEC 15507:1997,https://www.iso.org/standard/27976.html,90.93,https://www.iso.org/home/developing-standards/resources/stage-codes.html#90.93,ISO/IEC JTC 1/SC 6,https://www.iso.org/contents/data/committee/04/50/45072/x/catalogue/
33.040.35,ISO/IEC 15771:1998,https://www.iso.org/standard/28930.html,90.93,https://www.iso.org/home/developing-standards/resources/stage-codes.html#90.93,ISO/IEC JTC 1/SC 6,https://www.iso.org/contents/data/committee/04/50/45072/x/catalogue/
33.040.35,ISO/IEC 15772:2003,https://www.iso.org/standard/36855.html,90.60,https://www.iso.org/home/developing-standards/resources/stage-codes.html#90.60,ISO/IEC JTC 1/SC 6,https://www.iso.org/contents/data/committee/04/50/45072/x/catalogue/
33.040.35,ISO/IEC 15773:1998,https://www.iso.org/standard/28932.html,90.93,https://www.iso.org/home/developing-standards/resources/stage-codes.html#90.93,ISO/IEC JTC 1/SC 6,https://www.iso.org/contents/data/committee/04/50/45072/x/catalogue/
33.040.35,ISO/IEC 15899:1998,https://www.iso.org/standard/29454.html,90.60,https://www.iso.org/home/developing-standards/resources/stage-codes.html#90.60,ISO/IEC JTC 1/SC 6,https://www.iso.org/contents/data/committee/04/50/45072/x/catalogue/
33.040.35,ISO/IEC 15991:2003,https://www.iso.org/standard/36856.html,90.60,https://www.iso.org/home/developing-standards/resources/stage-codes.html#90.60,ISO/IEC JTC 1/SC 6,https://www.iso.org/contents/data/committee/04/50/45072/x/catalogue/
33.040.35,ISO/IEC 15992:2003,https://www.iso.org/standard/36857.html,90.93,https://www.iso.org/home/developing-standards/resources/stage-codes.html#90.93,ISO/IEC JTC 1/SC 6,https://www.iso.org/contents/data/committee/04/50/45072/x/catalogue/
33.040.35,ISO/IEC 17309:2000,https://www.iso.org/standard/32966.html,90.60,https://www.iso.org/home/developing-standards/resources/stage-codes.html#90.60,ISO/IEC JTC 1/SC 6,https://www.iso.org/contents/data/committee/04/50/45072/x/catalogue/
33.040.35,ISO/IEC 17310:2000,https://www.iso.org/standard/32970.html,90.60,https://www.iso.org/home/developing-standards/resources/stage-codes.html#90.60,ISO/IEC JTC 1/SC 6,https://www.iso.org/contents/data/committee/04/50/45072/x/catalogue/
33.040.35,ISO/IEC 17311:2000,https://www.iso.org/standard/32971.html,90.60,https://www.iso.org/home/developing-standards/resources/stage-codes.html#90.60,ISO/IEC JTC 1/SC 6,https://www.iso.org/contents/data/committee/04/50/45072/x/catalogue/
33.040.35,ISO/IEC 17343:2007,https://www.iso.org/standard/45586.html,90.20,https://www.iso.org/home/developing-standards/resources/stage-codes.html#90.20,ISO/IEC JTC 1/SC 6,https://www.iso.org/contents/data/committee/04/50/45072/x/catalogue/
33.040.35,ISO/IEC 17875:2000,https://www.iso.org/standard/31600.html,90.60,https://www.iso.org/home/developing-standards/resources/stage-codes.html#90.60,ISO/IEC JTC 1/SC 6,https://www.iso.org/contents/data/committee/04/50/45072/x/catalogue/
33.040.35,ISO/IEC 17876:2003,https://www.iso.org/standard/36858.html,90.60,https://www.iso.org/home/developing-standards/resources/stage-codes.html#90.60,ISO/IEC JTC 1/SC 6,https://www.iso.org/contents/data/committee/04/50/45072/x/catalogue/
33.040.35,ISO/IEC 17877:2000,https://www.iso.org/standard/31602.html,90.60,https://www.iso.org/home/developing-standards/resources/stage-codes.html#90.60,ISO/IEC JTC 1/SC 6,https://www.iso.org/contents/data/committee/04/50/45072/x/catalogue/
33.040.35,ISO/IEC 17878:2003,https://www.iso.org/standard/36859.html,90.93,https://www.iso.org/home/developing-standards/resources/stage-codes.html#90.93,ISO/IEC JTC 1/SC 6,https://www.iso.org/contents/data/committee/04/50/45072/x/catalogue/
33.040.35,ISO/IEC 18017:2001,https://www.iso.org/standard/30802.html,90.93,https://www.iso.org/home/developing-standards/resources/stage-codes.html#90.93,ISO/IEC JTC 1/SC 6,https://www.iso.org/contents/data/committee/04/50/45072/x/catalogue/
33.040.35,ISO/IEC 19058:2001,https://www.iso.org/standard/33736.html,90.93,https://www.iso.org/home/developing-standards/resources/stage-codes.html#90.93,ISO/IEC JTC 1/SC 6,https://www.iso.org/contents/data/committee/04/50/45072/x/catalogue/
33.040.35,ISO/IEC 19459:2001,https://www.iso.org/standard/33847.html,90.93,https://www.iso.org/home/developing-standards/resources/stage-codes.html#90.93,ISO/IEC JTC 1/SC 6,https://www.iso.org/contents/data/committee/04/50/45072/x/catalogue/
33.040.35,ISO/IEC 19460:2003,https://www.iso.org/standard/36860.html,90.93,https://www.iso.org/home/developing-standards/resources/stage-codes.html#90.93,ISO/IEC JTC 1/SC 6,https://www.iso.org/contents/data/committee/04/50/45072/x/catalogue/
33.040.35,ISO/IEC 20113:2004,https://www.iso.org/standard/39223.html,90.93,https://www.iso.org/home/developing-standards/resources/stage-codes.html#90.93,ISO/IEC JTC 1/SC 6,https://www.iso.org/contents/data/committee/04/50/45072/x/catalogue/
33.040.35,ISO/IEC 20114:2004,https://www.iso.org/standard/39224.html,90.93,https://www.iso.org/home/developing-standards/resources/stage-codes.html#90.93,ISO/IEC JTC 1/SC 6,https://www.iso.org/contents/data/committee/04/50/45072/x/catalogue/
33.040.35,ISO/IEC 20115:2004,https://www.iso.org/standard/39225.html,90.93,https://www.iso.org/home/developing-standards/resources/stage-codes.html#90.93,ISO/IEC JTC 1/SC 6,https://www.iso.org/contents/data/committee/04/50/45072/x/catalogue/
33.040.35,ISO/IEC 20116:2004,https://www.iso.org/standard/39226.html,90.93,https://www.iso.org/home/developing-standards/resources/stage-codes.html#90.93,ISO/IEC JTC 1/SC 6,https://www.iso.org/contents/data/committee/04/50/45072/x/catalogue/
33.040.35,ISO/IEC 20117:2004,https://www.iso.org/standard/39227.html,90.93,https://www.iso.org/home/developing-standards/resources/stage-codes.html#90.93,ISO/IEC JTC 1/SC 6,https://www.iso.org/contents/data/committee/04/50/45072/x/catalogue/
33.040.35,ISO/IEC 20161:2001,https://www.iso.org/standard/35305.html,90.93,https://www.iso.org/home/developing-standards/resources/stage-codes.html#90.93,ISO/IEC JTC 1/SC 6,https://www.iso.org/contents/data/committee/04/50/45072/x/catalogue/
33.040.35,ISO/IEC 21407:2001,https://www.iso.org/standard/34499.html,90.93,https://www.iso.org/home/developing-standards/resources/stage-codes.html#90.93,ISO/IEC JTC 1/SC 6,https://www.iso.org/contents/data/committee/04/50/45072/x/catalogue/
33.040.35,ISO/IEC 21408:2003,https://www.iso.org/standard/36864.html,90.93,https://www.iso.org/home/developing-standards/resources/stage-codes.html#90.93,ISO/IEC JTC 1/SC 6,https://www.iso.org/contents/data/committee/04/50/45072/x/catalogue/
33.040.35,ISO/IEC 21409:2001,https://www.iso.org/standard/34502.html,90.93,https://www.iso.org/home/developing-standards/resources/stage-codes.html#90.93,ISO/IEC JTC 1/SC 6,https://www.iso.org/contents/data/committee/04/50/45072/x/catalogue/
33.040.35,ISO/IEC 21410:2001,https://www.iso.org/standard/34503.html,90.93,https://www.iso.org/home/developing-standards/resources/stage-codes.html#90.93,ISO/IEC JTC 1/SC 6,https://www.iso.org/contents/data/committee/04/50/45072/x/catalogue/
33.040.35,ISO/IEC 21411:2001,https://www.iso.org/standard/34504.html,90.93,https://www.iso.org/home/developing-standards/resources/stage-codes.html#90.93,ISO/IEC JTC 1/SC 6,https://www.iso.org/contents/data/committee/04/50/45072/x/catalogue/
33.040.35,ISO/IEC 21888:2001,https://www.iso.org/standard/34764.html,90.93,https://www.iso.org/home/developing-standards/resources/stage-codes.html#90.93,ISO/IEC JTC 1/SC 6,https://www.iso.org/contents/data/committee/04/50/45072/x/catalogue/
33.040.35,ISO/IEC 21889:2001,https://www.iso.org/standard/34765.html,90.93,https://www.iso.org/home/developing-standards/resources/stage-codes.html#90.93,ISO/IEC JTC 1/SC 6,https://www.iso.org/contents/data/committee/04/50/45072/x/catalogue/
33.040.35,ISO/IEC TR 21890:2001,https://www.iso.org/standard/34767.html,90.60,https://www.iso.org/home/developing-standards/resources/stage-codes.html#90.60,ISO/IEC JTC 1/SC 6,https://www.iso.org/contents/data/committee/04/50/45072/x/catalogue/
33.040.35,ISO/IEC 21989:2002,https://www.iso.org/standard/36050.html,90.93,https://www.iso.org/home/developing-standards/resources/stage-codes.html#90.93,ISO/IEC JTC 1/SC 6,https://www.iso.org/contents/data/committee/04/50/45072/x/catalogue/
33.040.35,ISO/IEC 21990:2002,https://www.iso.org/standard/36051.html,90.93,https://www.iso.org/home/developing-standards/resources/stage-codes.html#90.93,ISO/IEC JTC 1/SC 6,https://www.iso.org/contents/data/committee/04/50/45072/x/catalogue/
33.040.35,ISO/IEC 21991:2002,https://www.iso.org/standard/36052.html,90.20,https://www.iso.org/home/developing-standards/resources/stage-codes.html#90.20,ISO/IEC JTC 1/SC 6,https://www.iso.org/contents/data/committee/04/50/45072/x/catalogue/
33.040.35,ISO/IEC 21992:2003,https://www.iso.org/standard/37519.html,90.60,https://www.iso.org/home/developing-standards/resources/stage-codes.html#90.60,ISO/IEC JTC 1/SC 6,https://www.iso.org/contents/data/committee/04/50/45072/x/catalogue/
33.040.35,ISO/IEC 22535:2009,https://www.iso.org/standard/52060.html,90.93,https://www.iso.org/home/developing-standards/resources/stage-codes.html#90.93,ISO/IEC JTC 1/SC 6,https://www.iso.org/contents/data/committee/04/50/45072/x/catalogue/
33.040.35,ISO/IEC 23290:2004,https://www.iso.org/standard/40165.html,90.93,https://www.iso.org/home/developing-standards/resources/stage-codes.html#90.93,ISO/IEC JTC 1/SC 6,https://www.iso.org/contents/data/committee/04/50/45072/x/catalogue/
33.040.35,ISO/IEC 23915:2005,https://www.iso.org/standard/41926.html,90.60,https://www.iso.org/home/developing-standards/resources/stage-codes.html#90.60,ISO/IEC JTC 1/SC 6,https://www.iso.org/contents/data/committee/04/50/45072/x/catalogue/
33.040.35,ISO/IEC 23916:2005,https://www.iso.org/standard/41927.html,90.60,https://www.iso.org/home/developing-standards/resources/stage-codes.html#90.60,ISO/IEC JTC 1/SC 6,https://www.iso.org/contents/data/committee/04/50/45072/x/catalogue/
33.040.40,ISO/IEC 17568:2013,https://www.iso.org/standard/60037.html,90.20,https://www.iso.org/home/developing-standards/resources/stage-codes.html#90.20,ISO/IEC JTC 1/SC 6,https://www.iso.org/contents/data/committee/04/50/45072/x/catalogue/
33.100.01,ISO 7176-21:2009,https://www.iso.org/standard/51048.html,90.93,https://www.iso.org/home/developing-standards/resources/stage-codes.html#90.93,ISO/TC 173/SC 1,https://www.iso.org/contents/data/committee/05/37/53792/x/catalogue/
33.100.01,ISO 13766:2006,https://www.iso.org/standard/38480.html,90.92,https://www.iso.org/home/developing-standards/resources/stage-codes.html#90.92,ISO/TC 127/SC 2,https://www.iso.org/contents/data/committee/05/21/52180/x/catalogue/
33.100.01,ISO 13766-1,https://www.iso.org/standard/67347.html,60.00,https://www.iso.org/home/developing-standards/resources/stage-codes.html#60.00,ISO/TC 127/SC 2,https://www.iso.org/contents/data/committee/05/21/52180/x/catalogue/
33.100.01,ISO 13766-2,https://www.iso.org/standard/67403.html,60.00,https://www.iso.org/home/developing-standards/resources/stage-codes.html#60.00,ISO/TC 127/SC 2,https://www.iso.org/contents/data/committee/05/21/52180/x/catalogue/
33.100.01,ISO 14117:2012,https://www.iso.org/standard/54472.html,90.92,https://www.iso.org/home/developing-standards/resources/stage-codes.html#90.92,ISO/TC 150/SC 6,https://www.iso.org/contents/data/committee/05/31/53122/x/catalogue/
33.100.01,ISO/CD 14117,https://www.iso.org/standard/67698.html,,https://www.iso.org/home/developing-standards/resources/stage-codes.html#30.98,,https://www.iso.org/contents/data/committee/05/31/53122/x/catalogue/
33.100.01,ISO/CD 14117,https://www.iso.org/standard/73915.html,30.60,https://www.iso.org/home/developing-standards/resources/stage-codes.html#30.60,ISO/TC 150/SC 6,https://www.iso.org/contents/data/committee/05/31/53122/x/catalogue/
33.100.01,ISO 14302:2002,https://www.iso.org/standard/24176.html,90.93,https://www.iso.org/home/developing-standards/resources/stage-codes.html#90.93,ISO/TC 20/SC 14,https://www.iso.org/contents/data/committee/04/66/46614/x/catalogue/
33.100.01,ISO 14982:1998,https://www.iso.org/standard/26161.html,90.93,https://www.iso.org/home/developing-standards/resources/stage-codes.html#90.93,ISO/TC 23/SC 2,https://www.iso.org/contents/data/committee/04/70/47012/x/catalogue/
33.100.01,ISO/TR 16764:2003,https://www.iso.org/standard/30441.html,90.93,https://www.iso.org/home/developing-standards/resources/stage-codes.html#90.93,ISO/TC 178,https://www.iso.org/contents/data/committee/05/39/53970/x/catalogue/
33.100.01,ISO/TS 21609:2014,https://www.iso.org/standard/62793.html,90.60,https://www.iso.org/home/developing-standards/resources/stage-codes.html#90.60,ISO/TC 22/SC 32,https://www.iso.org/contents/data/committee/53/83/5383636/x/catalogue/
33.100.20,ISO 11451-1:2015,https://www.iso.org/standard/62477.html,60.60,https://www.iso.org/home/developing-standards/resources/stage-codes.html#60.60,ISO/TC 22/SC 32,https://www.iso.org/contents/data/committee/53/83/5383636/x/catalogue/
33.100.20,ISO 11451-2:2015,https://www.iso.org/standard/59608.html,60.60,https://www.iso.org/home/developing-standards/resources/stage-codes.html#60.60,ISO/TC 22/SC 32,https://www.iso.org/contents/data/committee/53/83/5383636/x/catalogue/
33.100.20,ISO 11451-3:2015,https://www.iso.org/standard/59604.html,60.60,https://www.iso.org/home/developing-standards/resources/stage-codes.html#60.60,ISO/TC 22/SC 32,https://www.iso.org/contents/data/committee/53/83/5383636/x/catalogue/
33.100.20,ISO 11451-4:2013,https://www.iso.org/standard/60609.html,90.20,https://www.iso.org/home/developing-standards/resources/stage-codes.html#90.20,ISO/TC 22/SC 32,https://www.iso.org/contents/data/committee/53/83/5383636/x/catalogue/
33.100.20,ISO 11452-1:2015,https://www.iso.org/standard/59609.html,60.60,https://www.iso.org/home/developing-standards/resources/stage-codes.html#60.60,ISO/TC 22/SC 32,https://www.iso.org/contents/data/committee/53/83/5383636/x/catalogue/
33.100.20,ISO 11452-2:2004,https://www.iso.org/standard/36570.html,90.92,https://www.iso.org/home/developing-standards/resources/stage-codes.html#90.92,ISO/TC 22/SC 32,https://www.iso.org/contents/data/committee/53/83/5383636/x/catalogue/
33.100.20,ISO/DIS 11452-2,https://www.iso.org/standard/68557.html,40.20,https://www.iso.org/home/developing-standards/resources/stage-codes.html#40.20,ISO/TC 22/SC 32,https://www.iso.org/contents/data/committee/53/83/5383636/x/catalogue/
33.100.20,ISO 11452-3:2016,https://www.iso.org/standard/66829.html,60.60,https://www.iso.org/home/developing-standards/resources/stage-codes.html#60.60,ISO/TC 22/SC 32,https://www.iso.org/contents/data/committee/53/83/5383636/x/catalogue/
33.100.20,ISO 11452-4:2011,https://www.iso.org/standard/54500.html,90.92,https://www.iso.org/home/developing-standards/resources/stage-codes.html#90.92,ISO/TC 22/SC 32,https://www.iso.org/contents/data/committee/53/83/5383636/x/catalogue/
33.100.20,ISO/AWI 11452-4,https://www.iso.org/standard/74108.html,20.00,https://www.iso.org/home/developing-standards/resources/stage-codes.html#20.00,ISO/TC 22/SC 32,https://www.iso.org/contents/data/committee/53/83/5383636/x/catalogue/
33.100.20,ISO 11452-5:2002,https://www.iso.org/standard/24571.html,90.60,https://www.iso.org/home/developing-standards/resources/stage-codes.html#90.60,ISO/TC 22/SC 32,https://www.iso.org/contents/data/committee/53/83/5383636/x/catalogue/
33.100.20,ISO 11452-7:2003,https://www.iso.org/standard/38302.html,90.93,https://www.iso.org/home/developing-standards/resources/stage-codes.html#90.93,ISO/TC 22/SC 32,https://www.iso.org/contents/data/committee/53/83/5383636/x/catalogue/
33.100.20,ISO 11452-7:2003/Amd 1:2013,https://www.iso.org/standard/60825.html,60.60,https://www.iso.org/home/developing-standards/resources/stage-codes.html#60.60,ISO/TC 22/SC 32,https://www.iso.org/contents/data/committee/53/83/5383636/x/catalogue/
33.100.20,ISO 11452-8:2015,https://www.iso.org/standard/59605.html,60.60,https://www.iso.org/home/developing-standards/resources/stage-codes.html#60.60,ISO/TC 22/SC 32,https://www.iso.org/contents/data/committee/53/83/5383636/x/catalogue/
33.100.20,ISO 11452-9:2012,https://www.iso.org/standard/51670.html,90.60,https://www.iso.org/home/developing-standards/resources/stage-codes.html#90.60,ISO/TC 22/SC 32,https://www.iso.org/contents/data/committee/53/83/5383636/x/catalogue/
33.100.20,ISO 11452-10:2009,https://www.iso.org/standard/42944.html,90.60,https://www.iso.org/home/developing-standards/resources/stage-codes.html#90.60,ISO/TC 22/SC 32,https://www.iso.org/contents/data/committee/53/83/5383636/x/catalogue/
33.100.20,ISO 11452-11:2010,https://www.iso.org/standard/42945.html,90.93,https://www.iso.org/home/developing-standards/resources/stage-codes.html#90.93,ISO/TC 22/SC 32,https://www.iso.org/contents/data/committee/53/83/5383636/x/catalogue/
